n,scheme,trial,latency_us
128,hybrid,0,153
128,hash_only,0,2
128,lattice_only,0,306
128,hybrid,1,68
128,hash_only,1,1
128,lattice_only,1,303
128,hybrid,2,66
128,hash_only,2,1
128,lattice_only,2,294
128,hybrid,3,93
128,hash_only,3,1
128,lattice_only,3,291
128,hybrid,4,68
128,hash_only,4,1
128,lattice_only,4,294
128,hybrid,5,67
128,hash_only,5,1
128,lattice_only,5,303
128,hybrid,6,68
128,hash_only,6,1
128,lattice_only,6,294
128,hybrid,7,74
128,hash_only,7,1
128,lattice_only,7,294
128,hybrid,8,92
128,hash_only,8,1
128,lattice_only,8,288
128,hybrid,9,68
128,hash_only,9,1
128,lattice_only,9,288
128,hybrid,10,68
128,hash_only,10,1
128,lattice_only,10,285
128,hybrid,11,67
128,hash_only,11,1
128,lattice_only,11,297
128,hybrid,12,72
128,hash_only,12,1
128,lattice_only,12,291
128,hybrid,13,90
128,hash_only,13,1
128,lattice_only,13,288
128,hybrid,14,66
128,hash_only,14,1
128,lattice_only,14,291
128,hybrid,15,67
128,hash_only,15,1
128,lattice_only,15,291
128,hybrid,16,67
128,hash_only,16,1
128,lattice_only,16,288
128,hybrid,17,132
128,hash_only,17,1
128,lattice_only,17,375
128,hybrid,18,67
128,hash_only,18,1
128,lattice_only,18,291
128,hybrid,19,67
128,hash_only,19,1
128,lattice_only,19,288
128,hybrid,20,67
128,hash_only,20,1
128,lattice_only,20,294
128,hybrid,21,67
128,hash_only,21,1
128,lattice_only,21,309
128,hybrid,22,67
128,hash_only,22,1
128,lattice_only,22,378
128,hybrid,23,67
128,hash_only,23,1
128,lattice_only,23,306
128,hybrid,24,67
128,hash_only,24,1
128,lattice_only,24,291
128,hybrid,25,67
128,hash_only,25,1
128,lattice_only,25,288
128,hybrid,26,67
128,hash_only,26,1
128,lattice_only,26,309
128,hybrid,27,67
128,hash_only,27,1
128,lattice_only,27,363
128,hybrid,28,69
128,hash_only,28,1
128,lattice_only,28,291
128,hybrid,29,66
128,hash_only,29,1
128,lattice_only,29,291
128,hybrid,30,65
128,hash_only,30,1
128,lattice_only,30,291
128,hybrid,31,68
128,hash_only,31,1
128,lattice_only,31,303
128,hybrid,32,66
128,hash_only,32,24
128,lattice_only,32,294
128,hybrid,33,66
128,hash_only,33,1
128,lattice_only,33,291
128,hybrid,34,66
128,hash_only,34,1
128,lattice_only,34,294
128,hybrid,35,66
128,hash_only,35,1
128,lattice_only,35,294
128,hybrid,36,66
128,hash_only,36,1
128,lattice_only,36,453
128,hybrid,37,99
128,hash_only,37,1
128,lattice_only,37,288
128,hybrid,38,67
128,hash_only,38,1
128,lattice_only,38,291
128,hybrid,39,66
128,hash_only,39,1
128,lattice_only,39,294
128,hybrid,40,67
128,hash_only,40,1
128,lattice_only,40,294
128,hybrid,41,72
128,hash_only,41,1
128,lattice_only,41,369
128,hybrid,42,68
128,hash_only,42,1
128,lattice_only,42,291
128,hybrid,43,67
128,hash_only,43,1
128,lattice_only,43,291
128,hybrid,44,67
128,hash_only,44,1
128,lattice_only,44,288
128,hybrid,45,66
128,hash_only,45,1
128,lattice_only,45,294
128,hybrid,46,68
128,hash_only,46,1
128,lattice_only,46,363
128,hybrid,47,67
128,hash_only,47,1
128,lattice_only,47,294
128,hybrid,48,67
128,hash_only,48,1
128,lattice_only,48,291
128,hybrid,49,66
128,hash_only,49,1
128,lattice_only,49,291
128,hybrid,50,67
128,hash_only,50,1
128,lattice_only,50,303
128,hybrid,51,66
128,hash_only,51,1
128,lattice_only,51,360
128,hybrid,52,67
128,hash_only,52,1
128,lattice_only,52,294
128,hybrid,53,67
128,hash_only,53,1
128,lattice_only,53,294
128,hybrid,54,67
128,hash_only,54,1
128,lattice_only,54,294
128,hybrid,55,67
128,hash_only,55,1
128,lattice_only,55,486
128,hybrid,56,93
128,hash_only,56,2
128,lattice_only,56,297
128,hybrid,57,66
128,hash_only,57,1
128,lattice_only,57,300
128,hybrid,58,67
128,hash_only,58,1
128,lattice_only,58,291
128,hybrid,59,67
128,hash_only,59,1
128,lattice_only,59,291
128,hybrid,60,73
128,hash_only,60,1
128,lattice_only,60,297
128,hybrid,61,95
128,hash_only,61,1
128,lattice_only,61,291
128,hybrid,62,66
128,hash_only,62,1
128,lattice_only,62,285
128,hybrid,63,67
128,hash_only,63,1
128,lattice_only,63,291
128,hybrid,64,66
128,hash_only,64,1
128,lattice_only,64,294
128,hybrid,65,72
128,hash_only,65,1
128,lattice_only,65,288
128,hybrid,66,91
128,hash_only,66,1
128,lattice_only,66,297
128,hybrid,67,67
128,hash_only,67,1
128,lattice_only,67,294
128,hybrid,68,66
128,hash_only,68,1
128,lattice_only,68,291
128,hybrid,69,67
128,hash_only,69,1
128,lattice_only,69,297
128,hybrid,70,71
128,hash_only,70,1
128,lattice_only,70,288
128,hybrid,71,68
128,hash_only,71,1
128,lattice_only,71,294
128,hybrid,72,67
128,hash_only,72,1
128,lattice_only,72,294
128,hybrid,73,67
128,hash_only,73,1
128,lattice_only,73,294
128,hybrid,74,67
128,hash_only,74,1
128,lattice_only,74,288
128,hybrid,75,69
128,hash_only,75,2
128,lattice_only,75,291
128,hybrid,76,68
128,hash_only,76,1
128,lattice_only,76,294
128,hybrid,77,66
128,hash_only,77,1
128,lattice_only,77,291
128,hybrid,78,67
128,hash_only,78,1
128,lattice_only,78,291
128,hybrid,79,67
128,hash_only,79,1
128,lattice_only,79,288
128,hybrid,80,91
128,hash_only,80,1
128,lattice_only,80,294
128,hybrid,81,66
128,hash_only,81,1
128,lattice_only,81,291
128,hybrid,82,65
128,hash_only,82,1
128,lattice_only,82,288
128,hybrid,83,67
128,hash_only,83,1
128,lattice_only,83,291
128,hybrid,84,75
128,hash_only,84,1
128,lattice_only,84,294
128,hybrid,85,91
128,hash_only,85,1
128,lattice_only,85,288
128,hybrid,86,67
128,hash_only,86,1
128,lattice_only,86,291
128,hybrid,87,67
128,hash_only,87,1
128,lattice_only,87,294
128,hybrid,88,67
128,hash_only,88,1
128,lattice_only,88,288
128,hybrid,89,80
128,hash_only,89,1
128,lattice_only,89,291
128,hybrid,90,94
128,hash_only,90,1
128,lattice_only,90,291
128,hybrid,91,68
128,hash_only,91,1
128,lattice_only,91,294
128,hybrid,92,67
128,hash_only,92,1
128,lattice_only,92,294
128,hybrid,93,68
128,hash_only,93,1
128,lattice_only,93,288
128,hybrid,94,314
128,hash_only,94,1
128,lattice_only,94,297
128,hybrid,95,66
128,hash_only,95,1
128,lattice_only,95,294
128,hybrid,96,68
128,hash_only,96,1
128,lattice_only,96,291
128,hybrid,97,66
128,hash_only,97,1
128,lattice_only,97,309
128,hybrid,98,67
128,hash_only,98,1
128,lattice_only,98,369
128,hybrid,99,67
128,hash_only,99,1
128,lattice_only,99,330
128,hybrid,100,67
128,hash_only,100,1
128,lattice_only,100,294
128,hybrid,101,68
128,hash_only,101,1
128,lattice_only,101,294
128,hybrid,102,66
128,hash_only,102,1
128,lattice_only,102,303
128,hybrid,103,67
128,hash_only,103,1
128,lattice_only,103,372
128,hybrid,104,67
128,hash_only,104,1
128,lattice_only,104,291
128,hybrid,105,65
128,hash_only,105,1
128,lattice_only,105,291
128,hybrid,106,66
128,hash_only,106,1
128,lattice_only,106,288
128,hybrid,107,67
128,hash_only,107,1
128,lattice_only,107,306
128,hybrid,108,66
128,hash_only,108,1
128,lattice_only,108,300
128,hybrid,109,67
128,hash_only,109,1
128,lattice_only,109,294
128,hybrid,110,67
128,hash_only,110,1
128,lattice_only,110,288
128,hybrid,111,67
128,hash_only,111,1
128,lattice_only,111,291
128,hybrid,112,66
128,hash_only,112,1
128,lattice_only,112,495
128,hybrid,113,68
128,hash_only,113,1
128,lattice_only,113,294
128,hybrid,114,67
128,hash_only,114,1
128,lattice_only,114,288
128,hybrid,115,67
128,hash_only,115,1
128,lattice_only,115,291
128,hybrid,116,67
128,hash_only,116,1
128,lattice_only,116,294
128,hybrid,117,72
128,hash_only,117,1
128,lattice_only,117,375
128,hybrid,118,68
128,hash_only,118,1
128,lattice_only,118,291
128,hybrid,119,67
128,hash_only,119,1
128,lattice_only,119,291
128,hybrid,120,67
128,hash_only,120,1
128,lattice_only,120,288
128,hybrid,121,67
128,hash_only,121,1
128,lattice_only,121,303
128,hybrid,122,67
128,hash_only,122,1
128,lattice_only,122,363
128,hybrid,123,68
128,hash_only,123,1
128,lattice_only,123,291
128,hybrid,124,67
128,hash_only,124,1
128,lattice_only,124,294
128,hybrid,125,67
128,hash_only,125,1
128,lattice_only,125,288
128,hybrid,126,66
128,hash_only,126,1
128,lattice_only,126,306
128,hybrid,127,67
128,hash_only,127,1
128,lattice_only,127,360
128,hybrid,128,68
128,hash_only,128,1
128,lattice_only,128,288
128,hybrid,129,67
128,hash_only,129,1
128,lattice_only,129,294
128,hybrid,130,66
128,hash_only,130,1
128,lattice_only,130,288
128,hybrid,131,66
128,hash_only,131,1
128,lattice_only,131,447
128,hybrid,132,68
128,hash_only,132,1
128,lattice_only,132,300
128,hybrid,133,67
128,hash_only,133,1
128,lattice_only,133,285
128,hybrid,134,66
128,hash_only,134,1
128,lattice_only,134,285
128,hybrid,135,67
128,hash_only,135,1
128,lattice_only,135,291
128,hybrid,136,68
128,hash_only,136,1
128,lattice_only,136,288
128,hybrid,137,92
128,hash_only,137,1
128,lattice_only,137,291
128,hybrid,138,67
128,hash_only,138,1
128,lattice_only,138,291
128,hybrid,139,66
128,hash_only,139,1
128,lattice_only,139,291
128,hybrid,140,66
128,hash_only,140,1
128,lattice_only,140,288
128,hybrid,141,75
128,hash_only,141,1
128,lattice_only,141,285
128,hybrid,142,96
128,hash_only,142,1
128,lattice_only,142,288
128,hybrid,143,67
128,hash_only,143,1
128,lattice_only,143,291
128,hybrid,144,67
128,hash_only,144,1
128,lattice_only,144,282
128,hybrid,145,66
128,hash_only,145,1
128,lattice_only,145,291
128,hybrid,146,72
128,hash_only,146,1
128,lattice_only,146,294
128,hybrid,147,93
128,hash_only,147,1
128,lattice_only,147,306
128,hybrid,148,66
128,hash_only,148,1
128,lattice_only,148,294
128,hybrid,149,67
128,hash_only,149,1
128,lattice_only,149,288
128,hybrid,150,65
128,hash_only,150,1
128,lattice_only,150,294
128,hybrid,151,113
128,hash_only,151,1
128,lattice_only,151,369
128,hybrid,152,68
128,hash_only,152,1
128,lattice_only,152,294
128,hybrid,153,65
128,hash_only,153,1
128,lattice_only,153,294
128,hybrid,154,65
128,hash_only,154,1
128,lattice_only,154,291
128,hybrid,155,67
128,hash_only,155,1
128,lattice_only,155,303
128,hybrid,156,65
128,hash_only,156,1
128,lattice_only,156,363
128,hybrid,157,67
128,hash_only,157,1
128,lattice_only,157,291
128,hybrid,158,67
128,hash_only,158,1
128,lattice_only,158,294
128,hybrid,159,67
128,hash_only,159,1
128,lattice_only,159,294
128,hybrid,160,66
128,hash_only,160,1
128,lattice_only,160,306
128,hybrid,161,65
128,hash_only,161,1
128,lattice_only,161,363
128,hybrid,162,66
128,hash_only,162,1
128,lattice_only,162,288
128,hybrid,163,66
128,hash_only,163,1
128,lattice_only,163,294
128,hybrid,164,65
128,hash_only,164,1
128,lattice_only,164,294
128,hybrid,165,66
128,hash_only,165,1
128,lattice_only,165,309
128,hybrid,166,67
128,hash_only,166,1
128,lattice_only,166,366
128,hybrid,167,67
128,hash_only,167,1
128,lattice_only,167,294
128,hybrid,168,67
128,hash_only,168,1
128,lattice_only,168,297
128,hybrid,169,66
128,hash_only,169,1
128,lattice_only,169,288
128,hybrid,170,67
128,hash_only,170,1
128,lattice_only,170,426
128,hybrid,171,93
128,hash_only,171,1
128,lattice_only,171,294
128,hybrid,172,67
128,hash_only,172,1
128,lattice_only,172,291
128,hybrid,173,67
128,hash_only,173,1
128,lattice_only,173,294
128,hybrid,174,66
128,hash_only,174,1
128,lattice_only,174,294
128,hybrid,175,71
128,hash_only,175,1
128,lattice_only,175,294
128,hybrid,176,90
128,hash_only,176,1
128,lattice_only,176,294
128,hybrid,177,67
128,hash_only,177,1
128,lattice_only,177,288
128,hybrid,178,68
128,hash_only,178,1
128,lattice_only,178,291
128,hybrid,179,68
128,hash_only,179,1
128,lattice_only,179,294
128,hybrid,180,71
128,hash_only,180,1
128,lattice_only,180,288
128,hybrid,181,91
128,hash_only,181,2
128,lattice_only,181,294
128,hybrid,182,66
128,hash_only,182,1
128,lattice_only,182,291
128,hybrid,183,68
128,hash_only,183,1
128,lattice_only,183,291
128,hybrid,184,67
128,hash_only,184,1
128,lattice_only,184,315
128,hybrid,185,72
128,hash_only,185,1
128,lattice_only,185,363
128,hybrid,186,71
128,hash_only,186,1
128,lattice_only,186,312
128,hybrid,187,67
128,hash_only,187,1
128,lattice_only,187,291
128,hybrid,188,68
128,hash_only,188,1
128,lattice_only,188,282
128,hybrid,189,67
128,hash_only,189,1
128,lattice_only,189,300
128,hybrid,190,69
128,hash_only,190,1
128,lattice_only,190,375
128,hybrid,191,67
128,hash_only,191,1
128,lattice_only,191,294
128,hybrid,192,67
128,hash_only,192,1
128,lattice_only,192,297
128,hybrid,193,67
128,hash_only,193,1
128,lattice_only,193,291
128,hybrid,194,67
128,hash_only,194,1
128,lattice_only,194,300
128,hybrid,195,68
128,hash_only,195,1
128,lattice_only,195,294
128,hybrid,196,67
128,hash_only,196,1
128,lattice_only,196,294
128,hybrid,197,66
128,hash_only,197,1
128,lattice_only,197,282
128,hybrid,198,66
128,hash_only,198,1
128,lattice_only,198,294
128,hybrid,199,67
128,hash_only,199,1
128,lattice_only,199,294
256,hybrid,0,255
256,hash_only,0,1
256,lattice_only,0,1254
256,hybrid,1,242
256,hash_only,1,1
256,lattice_only,1,1299
256,hybrid,2,240
256,hash_only,2,1
256,lattice_only,2,1077
256,hybrid,3,247
256,hash_only,3,1
256,lattice_only,3,1074
256,hybrid,4,238
256,hash_only,4,1
256,lattice_only,4,1317
256,hybrid,5,240
256,hash_only,5,1
256,lattice_only,5,1092
256,hybrid,6,243
256,hash_only,6,1
256,lattice_only,6,1080
256,hybrid,7,243
256,hash_only,7,1
256,lattice_only,7,1344
256,hybrid,8,240
256,hash_only,8,1
256,lattice_only,8,1077
256,hybrid,9,270
256,hash_only,9,1
256,lattice_only,9,1077
256,hybrid,10,244
256,hash_only,10,1
256,lattice_only,10,1152
256,hybrid,11,238
256,hash_only,11,1
256,lattice_only,11,1080
256,hybrid,12,242
256,hash_only,12,1
256,lattice_only,12,1056
256,hybrid,13,239
256,hash_only,13,1
256,lattice_only,13,1299
256,hybrid,14,237
256,hash_only,14,1
256,lattice_only,14,1062
256,hybrid,15,242
256,hash_only,15,1
256,lattice_only,15,1143
256,hybrid,16,235
256,hash_only,16,1
256,lattice_only,16,1143
256,hybrid,17,247
256,hash_only,17,1
256,lattice_only,17,1032
256,hybrid,18,234
256,hash_only,18,1
256,lattice_only,18,1113
256,hybrid,19,254
256,hash_only,19,1
256,lattice_only,19,1203
256,hybrid,20,266
256,hash_only,20,1
256,lattice_only,20,1095
256,hybrid,21,255
256,hash_only,21,1
256,lattice_only,21,1113
256,hybrid,22,249
256,hash_only,22,1
256,lattice_only,22,1086
256,hybrid,23,262
256,hash_only,23,1
256,lattice_only,23,1089
256,hybrid,24,256
256,hash_only,24,1
256,lattice_only,24,1134
256,hybrid,25,238
256,hash_only,25,1
256,lattice_only,25,1269
256,hybrid,26,267
256,hash_only,26,1
256,lattice_only,26,1080
256,hybrid,27,246
256,hash_only,27,1
256,lattice_only,27,1167
256,hybrid,28,236
256,hash_only,28,1
256,lattice_only,28,1083
256,hybrid,29,264
256,hash_only,29,1
256,lattice_only,29,1086
256,hybrid,30,241
256,hash_only,30,1
256,lattice_only,30,1143
256,hybrid,31,241
256,hash_only,31,1
256,lattice_only,31,1209
256,hybrid,32,288
256,hash_only,32,1
256,lattice_only,32,1086
256,hybrid,33,244
256,hash_only,33,1
256,lattice_only,33,1170
256,hybrid,34,238
256,hash_only,34,1
256,lattice_only,34,1101
256,hybrid,35,265
256,hash_only,35,1
256,lattice_only,35,1092
256,hybrid,36,241
256,hash_only,36,1
256,lattice_only,36,1140
256,hybrid,37,238
256,hash_only,37,1
256,lattice_only,37,1221
256,hybrid,38,268
256,hash_only,38,1
256,lattice_only,38,1068
256,hybrid,39,243
256,hash_only,39,1
256,lattice_only,39,1146
256,hybrid,40,243
256,hash_only,40,1
256,lattice_only,40,1089
256,hybrid,41,264
256,hash_only,41,1
256,lattice_only,41,1074
256,hybrid,42,240
256,hash_only,42,1
256,lattice_only,42,1158
256,hybrid,43,241
256,hash_only,43,1
256,lattice_only,43,1269
256,hybrid,44,262
256,hash_only,44,1
256,lattice_only,44,1071
256,hybrid,45,243
256,hash_only,45,1
256,lattice_only,45,1161
256,hybrid,46,241
256,hash_only,46,1
256,lattice_only,46,1092
256,hybrid,47,265
256,hash_only,47,1
256,lattice_only,47,1080
256,hybrid,48,245
256,hash_only,48,1
256,lattice_only,48,1134
256,hybrid,49,242
256,hash_only,49,1
256,lattice_only,49,1200
256,hybrid,50,279
256,hash_only,50,1
256,lattice_only,50,1122
256,hybrid,51,244
256,hash_only,51,1
256,lattice_only,51,1140
256,hybrid,52,240
256,hash_only,52,1
256,lattice_only,52,1104
256,hybrid,53,264
256,hash_only,53,1
256,lattice_only,53,1380
256,hybrid,54,312
256,hash_only,54,40
256,lattice_only,54,1533
256,hybrid,55,348
256,hash_only,55,2
256,lattice_only,55,1227
256,hybrid,56,239
256,hash_only,56,1
256,lattice_only,56,1179
256,hybrid,57,241
256,hash_only,57,3
256,lattice_only,57,1089
256,hybrid,58,252
256,hash_only,58,1
256,lattice_only,58,1167
256,hybrid,59,245
256,hash_only,59,1
256,lattice_only,59,1212
256,hybrid,60,247
256,hash_only,60,1
256,lattice_only,60,1080
256,hybrid,61,289
256,hash_only,61,1
256,lattice_only,61,1101
256,hybrid,62,246
256,hash_only,62,1
256,lattice_only,62,1185
256,hybrid,63,248
256,hash_only,63,1
256,lattice_only,63,1086
256,hybrid,64,245
256,hash_only,64,1
256,lattice_only,64,1071
256,hybrid,65,243
256,hash_only,65,1
256,lattice_only,65,1170
256,hybrid,66,239
256,hash_only,66,1
256,lattice_only,66,1068
256,hybrid,67,318
256,hash_only,67,1
256,lattice_only,67,1074
256,hybrid,68,237
256,hash_only,68,1
256,lattice_only,68,1161
256,hybrid,69,239
256,hash_only,69,1
256,lattice_only,69,1077
256,hybrid,70,242
256,hash_only,70,1
256,lattice_only,70,1140
256,hybrid,71,238
256,hash_only,71,1
256,lattice_only,71,1170
256,hybrid,72,253
256,hash_only,72,1
256,lattice_only,72,1086
256,hybrid,73,286
256,hash_only,73,1
256,lattice_only,73,1080
256,hybrid,74,239
256,hash_only,74,1
256,lattice_only,74,1152
256,hybrid,75,240
256,hash_only,75,1
256,lattice_only,75,1098
256,hybrid,76,237
256,hash_only,76,1
256,lattice_only,76,1122
256,hybrid,77,229
256,hash_only,77,1
256,lattice_only,77,1047
256,hybrid,78,289
256,hash_only,78,1
256,lattice_only,78,1080
256,hybrid,79,348
256,hash_only,79,2
256,lattice_only,79,1062
256,hybrid,80,241
256,hash_only,80,1
256,lattice_only,80,1155
256,hybrid,81,249
256,hash_only,81,1
256,lattice_only,81,1071
256,hybrid,82,239
256,hash_only,82,1
256,lattice_only,82,1143
256,hybrid,83,238
256,hash_only,83,1
256,lattice_only,83,1191
256,hybrid,84,241
256,hash_only,84,1
256,lattice_only,84,1107
256,hybrid,85,285
256,hash_only,85,1
256,lattice_only,85,1170
256,hybrid,86,239
256,hash_only,86,1
256,lattice_only,86,1173
256,hybrid,87,239
256,hash_only,87,1
256,lattice_only,87,1095
256,hybrid,88,244
256,hash_only,88,1
256,lattice_only,88,1164
256,hybrid,89,248
256,hash_only,89,1
256,lattice_only,89,1176
256,hybrid,90,238
256,hash_only,90,1
256,lattice_only,90,1071
256,hybrid,91,288
256,hash_only,91,1
256,lattice_only,91,1170
256,hybrid,92,241
256,hash_only,92,1
256,lattice_only,92,1164
256,hybrid,93,241
256,hash_only,93,1
256,lattice_only,93,1071
256,hybrid,94,240
256,hash_only,94,1
256,lattice_only,94,1155
256,hybrid,95,237
256,hash_only,95,1
256,lattice_only,95,1095
256,hybrid,96,268
256,hash_only,96,1
256,lattice_only,96,1083
256,hybrid,97,299
256,hash_only,97,1
256,lattice_only,97,1197
256,hybrid,98,242
256,hash_only,98,1
256,lattice_only,98,1305
256,hybrid,99,243
256,hash_only,99,1
256,lattice_only,99,1077
256,hybrid,100,245
256,hash_only,100,31
256,lattice_only,100,1083
256,hybrid,101,239
256,hash_only,101,1
256,lattice_only,101,1167
256,hybrid,102,236
256,hash_only,102,1
256,lattice_only,102,1083
256,hybrid,103,287
256,hash_only,103,1
256,lattice_only,103,1086
256,hybrid,104,240
256,hash_only,104,1
256,lattice_only,104,1179
256,hybrid,105,240
256,hash_only,105,1
256,lattice_only,105,1077
256,hybrid,106,243
256,hash_only,106,1
256,lattice_only,106,1146
256,hybrid,107,241
256,hash_only,107,1
256,lattice_only,107,1167
256,hybrid,108,246
256,hash_only,108,1
256,lattice_only,108,1071
256,hybrid,109,287
256,hash_only,109,1
256,lattice_only,109,1074
256,hybrid,110,239
256,hash_only,110,1
256,lattice_only,110,1170
256,hybrid,111,241
256,hash_only,111,1
256,lattice_only,111,1095
256,hybrid,112,244
256,hash_only,112,1
256,lattice_only,112,1158
256,hybrid,113,239
256,hash_only,113,1
256,lattice_only,113,1194
256,hybrid,114,239
256,hash_only,114,1
256,lattice_only,114,1071
256,hybrid,115,289
256,hash_only,115,1
256,lattice_only,115,1161
256,hybrid,116,245
256,hash_only,116,1
256,lattice_only,116,1167
256,hybrid,117,242
256,hash_only,117,1
256,lattice_only,117,1086
256,hybrid,118,251
256,hash_only,118,1
256,lattice_only,118,1155
256,hybrid,119,241
256,hash_only,119,1
256,lattice_only,119,1086
256,hybrid,120,239
256,hash_only,120,1
256,lattice_only,120,1062
256,hybrid,121,287
256,hash_only,121,1
256,lattice_only,121,1140
256,hybrid,122,239
256,hash_only,122,1
256,lattice_only,122,1083
256,hybrid,123,266
256,hash_only,123,1
256,lattice_only,123,1068
256,hybrid,124,244
256,hash_only,124,1
256,lattice_only,124,1155
256,hybrid,125,240
256,hash_only,125,1
256,lattice_only,125,1188
256,hybrid,126,262
256,hash_only,126,1
256,lattice_only,126,1101
256,hybrid,127,286
256,hash_only,127,1
256,lattice_only,127,1134
256,hybrid,128,244
256,hash_only,128,1
256,lattice_only,128,1083
256,hybrid,129,265
256,hash_only,129,1
256,lattice_only,129,1080
256,hybrid,130,243
256,hash_only,130,1
256,lattice_only,130,1131
256,hybrid,131,244
256,hash_only,131,1
256,lattice_only,131,1104
256,hybrid,132,267
256,hash_only,132,1
256,lattice_only,132,1104
256,hybrid,133,308
256,hash_only,133,1
256,lattice_only,133,1146
256,hybrid,134,239
256,hash_only,134,1
256,lattice_only,134,1074
256,hybrid,135,262
256,hash_only,135,1
256,lattice_only,135,1077
256,hybrid,136,250
256,hash_only,136,1
256,lattice_only,136,1131
256,hybrid,137,242
256,hash_only,137,1
256,lattice_only,137,1113
256,hybrid,138,265
256,hash_only,138,1
256,lattice_only,138,1068
256,hybrid,139,288
256,hash_only,139,1
256,lattice_only,139,1161
256,hybrid,140,237
256,hash_only,140,1
256,lattice_only,140,1098
256,hybrid,141,267
256,hash_only,141,1
256,lattice_only,141,1050
256,hybrid,142,245
256,hash_only,142,1
256,lattice_only,142,1161
256,hybrid,143,239
256,hash_only,143,1
256,lattice_only,143,1116
256,hybrid,144,271
256,hash_only,144,1
256,lattice_only,144,1062
256,hybrid,145,241
256,hash_only,145,1
256,lattice_only,145,1158
256,hybrid,146,238
256,hash_only,146,1
256,lattice_only,146,1086
256,hybrid,147,261
256,hash_only,147,1
256,lattice_only,147,1071
256,hybrid,148,249
256,hash_only,148,1
256,lattice_only,148,1158
256,hybrid,149,239
256,hash_only,149,1
256,lattice_only,149,1092
256,hybrid,150,260
256,hash_only,150,1
256,lattice_only,150,1089
256,hybrid,151,250
256,hash_only,151,1
256,lattice_only,151,1149
256,hybrid,152,240
256,hash_only,152,1
256,lattice_only,152,1080
256,hybrid,153,263
256,hash_only,153,1
256,lattice_only,153,1077
256,hybrid,154,244
256,hash_only,154,1
256,lattice_only,154,1161
256,hybrid,155,241
256,hash_only,155,1
256,lattice_only,155,1089
256,hybrid,156,261
256,hash_only,156,1
256,lattice_only,156,1059
256,hybrid,157,241
256,hash_only,157,1
256,lattice_only,157,1278
256,hybrid,158,238
256,hash_only,158,1
256,lattice_only,158,1128
256,hybrid,159,266
256,hash_only,159,1
256,lattice_only,159,1074
256,hybrid,160,239
256,hash_only,160,1
256,lattice_only,160,1149
256,hybrid,161,235
256,hash_only,161,1
256,lattice_only,161,1089
256,hybrid,162,262
256,hash_only,162,1
256,lattice_only,162,1059
256,hybrid,163,246
256,hash_only,163,1
256,lattice_only,163,1311
256,hybrid,164,237
256,hash_only,164,1
256,lattice_only,164,1086
256,hybrid,165,261
256,hash_only,165,1
256,lattice_only,165,1071
256,hybrid,166,239
256,hash_only,166,1
256,lattice_only,166,1155
256,hybrid,167,240
256,hash_only,167,1
256,lattice_only,167,1092
256,hybrid,168,269
256,hash_only,168,1
256,lattice_only,168,1083
256,hybrid,169,238
256,hash_only,169,1
256,lattice_only,169,1266
256,hybrid,170,244
256,hash_only,170,1
256,lattice_only,170,1068
256,hybrid,171,271
256,hash_only,171,1
256,lattice_only,171,1074
256,hybrid,172,237
256,hash_only,172,1
256,lattice_only,172,1155
256,hybrid,173,237
256,hash_only,173,1
256,lattice_only,173,1080
256,hybrid,174,309
256,hash_only,174,1
256,lattice_only,174,1074
256,hybrid,175,243
256,hash_only,175,1
256,lattice_only,175,1311
256,hybrid,176,241
256,hash_only,176,1
256,lattice_only,176,1086
256,hybrid,177,267
256,hash_only,177,1
256,lattice_only,177,1065
256,hybrid,178,241
256,hash_only,178,1
256,lattice_only,178,1152
256,hybrid,179,239
256,hash_only,179,1
256,lattice_only,179,1068
256,hybrid,180,241
256,hash_only,180,1
256,lattice_only,180,1089
256,hybrid,181,239
256,hash_only,181,1
256,lattice_only,181,1284
256,hybrid,182,242
256,hash_only,182,1
256,lattice_only,182,1092
256,hybrid,183,276
256,hash_only,183,1
256,lattice_only,183,1074
256,hybrid,184,239
256,hash_only,184,1
256,lattice_only,184,1509
256,hybrid,185,245
256,hash_only,185,2
256,lattice_only,185,1119
256,hybrid,186,257
256,hash_only,186,2
256,lattice_only,186,1344
256,hybrid,187,271
256,hash_only,187,1
256,lattice_only,187,1089
256,hybrid,188,241
256,hash_only,188,7
256,lattice_only,188,1143
256,hybrid,189,240
256,hash_only,189,1
256,lattice_only,189,1077
256,hybrid,190,263
256,hash_only,190,1
256,lattice_only,190,1083
256,hybrid,191,268
256,hash_only,191,1
256,lattice_only,191,1161
256,hybrid,192,252
256,hash_only,192,1
256,lattice_only,192,1221
256,hybrid,193,272
256,hash_only,193,1
256,lattice_only,193,1134
256,hybrid,194,246
256,hash_only,194,1
256,lattice_only,194,1176
256,hybrid,195,241
256,hash_only,195,1
256,lattice_only,195,1188
256,hybrid,196,244
256,hash_only,196,1
256,lattice_only,196,1083
256,hybrid,197,241
256,hash_only,197,1
256,lattice_only,197,1131
256,hybrid,198,238
256,hash_only,198,1
256,lattice_only,198,1299
256,hybrid,199,239
256,hash_only,199,1
256,lattice_only,199,1086
512,hybrid,0,1006
512,hash_only,0,2
512,lattice_only,0,4341
512,hybrid,1,943
512,hash_only,1,1
512,lattice_only,1,4458
512,hybrid,2,940
512,hash_only,2,2
512,lattice_only,2,4248
512,hybrid,3,941
512,hash_only,3,2
512,lattice_only,3,4515
512,hybrid,4,945
512,hash_only,4,1
512,lattice_only,4,4395
512,hybrid,5,989
512,hash_only,5,2
512,lattice_only,5,4311
512,hybrid,6,951
512,hash_only,6,2
512,lattice_only,6,4473
512,hybrid,7,954
512,hash_only,7,2
512,lattice_only,7,4404
512,hybrid,8,988
512,hash_only,8,2
512,lattice_only,8,4440
512,hybrid,9,978
512,hash_only,9,2
512,lattice_only,9,4506
512,hybrid,10,992
512,hash_only,10,2
512,lattice_only,10,4245
512,hybrid,11,945
512,hash_only,11,2
512,lattice_only,11,4611
512,hybrid,12,960
512,hash_only,12,2
512,lattice_only,12,4371
512,hybrid,13,1021
512,hash_only,13,2
512,lattice_only,13,4488
512,hybrid,14,953
512,hash_only,14,2
512,lattice_only,14,4464
512,hybrid,15,940
512,hash_only,15,2
512,lattice_only,15,4374
512,hybrid,16,1000
512,hash_only,16,2
512,lattice_only,16,4344
512,hybrid,17,949
512,hash_only,17,2
512,lattice_only,17,4587
512,hybrid,18,955
512,hash_only,18,2
512,lattice_only,18,4452
512,hybrid,19,951
512,hash_only,19,2
512,lattice_only,19,4566
512,hybrid,20,944
512,hash_only,20,2
512,lattice_only,20,4278
512,hybrid,21,1002
512,hash_only,21,2
512,lattice_only,21,4329
512,hybrid,22,948
512,hash_only,22,2
512,lattice_only,22,4446
512,hybrid,23,957
512,hash_only,23,2
512,lattice_only,23,4269
512,hybrid,24,996
512,hash_only,24,2
512,lattice_only,24,4257
512,hybrid,25,936
512,hash_only,25,2
512,lattice_only,25,4353
512,hybrid,26,941
512,hash_only,26,2
512,lattice_only,26,4452
512,hybrid,27,952
512,hash_only,27,2
512,lattice_only,27,4392
512,hybrid,28,939
512,hash_only,28,2
512,lattice_only,28,4638
512,hybrid,29,1047
512,hash_only,29,2
512,lattice_only,29,4278
512,hybrid,30,971
512,hash_only,30,2
512,lattice_only,30,4458
512,hybrid,31,942
512,hash_only,31,2
512,lattice_only,31,4239
512,hybrid,32,975
512,hash_only,32,2
512,lattice_only,32,4491
512,hybrid,33,959
512,hash_only,33,2
512,lattice_only,33,4224
512,hybrid,34,981
512,hash_only,34,2
512,lattice_only,34,4305
512,hybrid,35,938
512,hash_only,35,2
512,lattice_only,35,4389
512,hybrid,36,933
512,hash_only,36,2
512,lattice_only,36,4365
512,hybrid,37,1002
512,hash_only,37,2
512,lattice_only,37,4227
512,hybrid,38,956
512,hash_only,38,2
512,lattice_only,38,4365
512,hybrid,39,938
512,hash_only,39,1
512,lattice_only,39,4323
512,hybrid,40,965
512,hash_only,40,1
512,lattice_only,40,4362
512,hybrid,41,950
512,hash_only,41,2
512,lattice_only,41,4323
512,hybrid,42,1023
512,hash_only,42,2
512,lattice_only,42,4335
512,hybrid,43,936
512,hash_only,43,2
512,lattice_only,43,4494
512,hybrid,44,942
512,hash_only,44,2
512,lattice_only,44,4314
512,hybrid,45,934
512,hash_only,45,2
512,lattice_only,45,4485
512,hybrid,46,945
512,hash_only,46,2
512,lattice_only,46,4263
512,hybrid,47,994
512,hash_only,47,2
512,lattice_only,47,4377
512,hybrid,48,926
512,hash_only,48,2
512,lattice_only,48,4404
512,hybrid,49,951
512,hash_only,49,2
512,lattice_only,49,4317
512,hybrid,50,1027
512,hash_only,50,3
512,lattice_only,50,4449
512,hybrid,51,974
512,hash_only,51,2
512,lattice_only,51,4647
512,hybrid,52,966
512,hash_only,52,2
512,lattice_only,52,4287
512,hybrid,53,937
512,hash_only,53,2
512,lattice_only,53,4494
512,hybrid,54,908
512,hash_only,54,1
512,lattice_only,54,4221
512,hybrid,55,988
512,hash_only,55,2
512,lattice_only,55,4290
512,hybrid,56,955
512,hash_only,56,2
512,lattice_only,56,5070
512,hybrid,57,976
512,hash_only,57,2
512,lattice_only,57,5034
512,hybrid,58,1025
512,hash_only,58,2
512,lattice_only,58,4302
512,hybrid,59,959
512,hash_only,59,2
512,lattice_only,59,4479
512,hybrid,60,958
512,hash_only,60,2
512,lattice_only,60,4290
512,hybrid,61,950
512,hash_only,61,2
512,lattice_only,61,4452
512,hybrid,62,963
512,hash_only,62,2
512,lattice_only,62,4206
512,hybrid,63,991
512,hash_only,63,2
512,lattice_only,63,4392
512,hybrid,64,962
512,hash_only,64,2
512,lattice_only,64,4359
512,hybrid,65,959
512,hash_only,65,2
512,lattice_only,65,4401
512,hybrid,66,993
512,hash_only,66,2
512,lattice_only,66,4269
512,hybrid,67,947
512,hash_only,67,2
512,lattice_only,67,4377
512,hybrid,68,947
512,hash_only,68,1
512,lattice_only,68,4416
512,hybrid,69,978
512,hash_only,69,2
512,lattice_only,69,4440
512,hybrid,70,950
512,hash_only,70,1
512,lattice_only,70,4356
512,hybrid,71,1000
512,hash_only,71,2
512,lattice_only,71,4296
512,hybrid,72,953
512,hash_only,72,1
512,lattice_only,72,4437
512,hybrid,73,953
512,hash_only,73,2
512,lattice_only,73,4326
512,hybrid,74,949
512,hash_only,74,1
512,lattice_only,74,4476
512,hybrid,75,953
512,hash_only,75,2
512,lattice_only,75,4218
512,hybrid,76,996
512,hash_only,76,2
512,lattice_only,76,4851
512,hybrid,77,969
512,hash_only,77,2
512,lattice_only,77,4530
512,hybrid,78,942
512,hash_only,78,2
512,lattice_only,78,4356
512,hybrid,79,985
512,hash_only,79,2
512,lattice_only,79,4209
512,hybrid,80,949
512,hash_only,80,2
512,lattice_only,80,4506
512,hybrid,81,986
512,hash_only,81,2
512,lattice_only,81,4305
512,hybrid,82,966
512,hash_only,82,2
512,lattice_only,82,4530
512,hybrid,83,980
512,hash_only,83,2
512,lattice_only,83,4473
512,hybrid,84,1016
512,hash_only,84,2
512,lattice_only,84,4506
512,hybrid,85,980
512,hash_only,85,2
512,lattice_only,85,4569
512,hybrid,86,972
512,hash_only,86,2
512,lattice_only,86,4500
512,hybrid,87,1024
512,hash_only,87,2
512,lattice_only,87,4473
512,hybrid,88,974
512,hash_only,88,2
512,lattice_only,88,4764
512,hybrid,89,966
512,hash_only,89,2
512,lattice_only,89,4389
512,hybrid,90,1004
512,hash_only,90,2
512,lattice_only,90,4230
512,hybrid,91,959
512,hash_only,91,2
512,lattice_only,91,4398
512,hybrid,92,942
512,hash_only,92,1
512,lattice_only,92,4374
512,hybrid,93,944
512,hash_only,93,2
512,lattice_only,93,4341
512,hybrid,94,933
512,hash_only,94,2
512,lattice_only,94,4302
512,hybrid,95,980
512,hash_only,95,2
512,lattice_only,95,4260
512,hybrid,96,947
512,hash_only,96,1
512,lattice_only,96,4482
512,hybrid,97,950
512,hash_only,97,2
512,lattice_only,97,4275
512,hybrid,98,956
512,hash_only,98,2
512,lattice_only,98,4488
512,hybrid,99,904
512,hash_only,99,1
512,lattice_only,99,4338
512,hybrid,100,987
512,hash_only,100,2
512,lattice_only,100,4209
512,hybrid,101,962
512,hash_only,101,2
512,lattice_only,101,4506
512,hybrid,102,928
512,hash_only,102,1
512,lattice_only,102,4269
512,hybrid,103,938
512,hash_only,103,2
512,lattice_only,103,4443
512,hybrid,104,946
512,hash_only,104,2
512,lattice_only,104,4272
512,hybrid,105,990
512,hash_only,105,1
512,lattice_only,105,4359
512,hybrid,106,940
512,hash_only,106,1
512,lattice_only,106,4410
512,hybrid,107,950
512,hash_only,107,2
512,lattice_only,107,4383
512,hybrid,108,980
512,hash_only,108,2
512,lattice_only,108,4308
512,hybrid,109,948
512,hash_only,109,2
512,lattice_only,109,4395
512,hybrid,110,934
512,hash_only,110,1
512,lattice_only,110,4353
512,hybrid,111,939
512,hash_only,111,2
512,lattice_only,111,4413
512,hybrid,112,948
512,hash_only,112,2
512,lattice_only,112,4380
512,hybrid,113,977
512,hash_only,113,2
512,lattice_only,113,4272
512,hybrid,114,1002
512,hash_only,114,2
512,lattice_only,114,4551
512,hybrid,115,985
512,hash_only,115,2
512,lattice_only,115,4299
512,hybrid,116,969
512,hash_only,116,2
512,lattice_only,116,4623
512,hybrid,117,966
512,hash_only,117,1
512,lattice_only,117,4272
512,hybrid,118,993
512,hash_only,118,2
512,lattice_only,118,4386
512,hybrid,119,954
512,hash_only,119,2
512,lattice_only,119,4368
512,hybrid,120,933
512,hash_only,120,2
512,lattice_only,120,4314
512,hybrid,121,1006
512,hash_only,121,2
512,lattice_only,121,4230
512,hybrid,122,948
512,hash_only,122,2
512,lattice_only,122,4500
512,hybrid,123,939
512,hash_only,123,1
512,lattice_only,123,4239
512,hybrid,124,941
512,hash_only,124,1
512,lattice_only,124,4410
512,hybrid,125,944
512,hash_only,125,2
512,lattice_only,125,4347
512,hybrid,126,979
512,hash_only,126,2
512,lattice_only,126,4299
512,hybrid,127,950
512,hash_only,127,1
512,lattice_only,127,4428
512,hybrid,128,941
512,hash_only,128,1
512,lattice_only,128,4206
512,hybrid,129,950
512,hash_only,129,2
512,lattice_only,129,4428
512,hybrid,130,941
512,hash_only,130,1
512,lattice_only,130,4200
512,hybrid,131,995
512,hash_only,131,2
512,lattice_only,131,4395
512,hybrid,132,920
512,hash_only,132,1
512,lattice_only,132,4452
512,hybrid,133,934
512,hash_only,133,2
512,lattice_only,133,4215
512,hybrid,134,973
512,hash_only,134,2
512,lattice_only,134,4281
512,hybrid,135,934
512,hash_only,135,1
512,lattice_only,135,4221
512,hybrid,136,999
512,hash_only,136,2
512,lattice_only,136,4281
512,hybrid,137,953
512,hash_only,137,1
512,lattice_only,137,4473
512,hybrid,138,959
512,hash_only,138,2
512,lattice_only,138,4293
512,hybrid,139,985
512,hash_only,139,2
512,lattice_only,139,4284
512,hybrid,140,930
512,hash_only,140,2
512,lattice_only,140,4476
512,hybrid,141,939
512,hash_only,141,1
512,lattice_only,141,4179
512,hybrid,142,933
512,hash_only,142,1
512,lattice_only,142,4383
512,hybrid,143,942
512,hash_only,143,2
512,lattice_only,143,4347
512,hybrid,144,1012
512,hash_only,144,2
512,lattice_only,144,4206
512,hybrid,145,946
512,hash_only,145,2
512,lattice_only,145,4497
512,hybrid,146,942
512,hash_only,146,1
512,lattice_only,146,4242
512,hybrid,147,934
512,hash_only,147,2
512,lattice_only,147,4497
512,hybrid,148,949
512,hash_only,148,2
512,lattice_only,148,4281
512,hybrid,149,976
512,hash_only,149,2
512,lattice_only,149,4302
512,hybrid,150,894
512,hash_only,150,1
512,lattice_only,150,4488
512,hybrid,151,947
512,hash_only,151,1
512,lattice_only,151,4299
512,hybrid,152,945
512,hash_only,152,1
512,lattice_only,152,4596
512,hybrid,153,936
512,hash_only,153,2
512,lattice_only,153,4269
512,hybrid,154,974
512,hash_only,154,2
512,lattice_only,154,4383
512,hybrid,155,938
512,hash_only,155,1
512,lattice_only,155,4329
512,hybrid,156,930
512,hash_only,156,2
512,lattice_only,156,4305
512,hybrid,157,996
512,hash_only,157,2
512,lattice_only,157,4224
512,hybrid,158,929
512,hash_only,158,1
512,lattice_only,158,4374
512,hybrid,159,913
512,hash_only,159,2
512,lattice_only,159,4233
512,hybrid,160,937
512,hash_only,160,1
512,lattice_only,160,4329
512,hybrid,161,930
512,hash_only,161,2
512,lattice_only,161,4380
512,hybrid,162,984
512,hash_only,162,2
512,lattice_only,162,4233
512,hybrid,163,943
512,hash_only,163,1
512,lattice_only,163,4557
512,hybrid,164,934
512,hash_only,164,2
512,lattice_only,164,4224
512,hybrid,165,949
512,hash_only,165,1
512,lattice_only,165,4485
512,hybrid,166,964
512,hash_only,166,2
512,lattice_only,166,4224
512,hybrid,167,999
512,hash_only,167,2
512,lattice_only,167,4272
512,hybrid,168,926
512,hash_only,168,1
512,lattice_only,168,4440
512,hybrid,169,939
512,hash_only,169,1
512,lattice_only,169,4230
512,hybrid,170,945
512,hash_only,170,1
512,lattice_only,170,4413
512,hybrid,171,970
512,hash_only,171,2
512,lattice_only,171,4233
512,hybrid,172,989
512,hash_only,172,2
512,lattice_only,172,4296
512,hybrid,173,945
512,hash_only,173,2
512,lattice_only,173,4341
512,hybrid,174,948
512,hash_only,174,2
512,lattice_only,174,4368
512,hybrid,175,976
512,hash_only,175,2
512,lattice_only,175,4290
512,hybrid,176,928
512,hash_only,176,2
512,lattice_only,176,4401
512,hybrid,177,945
512,hash_only,177,1
512,lattice_only,177,4305
512,hybrid,178,964
512,hash_only,178,2
512,lattice_only,178,4356
512,hybrid,179,945
512,hash_only,179,1
512,lattice_only,179,4302
512,hybrid,180,975
512,hash_only,180,2
512,lattice_only,180,4212
512,hybrid,181,950
512,hash_only,181,1
512,lattice_only,181,4419
512,hybrid,182,944
512,hash_only,182,2
512,lattice_only,182,4257
512,hybrid,183,954
512,hash_only,183,2
512,lattice_only,183,4560
512,hybrid,184,936
512,hash_only,184,1
512,lattice_only,184,4296
512,hybrid,185,1023
512,hash_only,185,2
512,lattice_only,185,4215
512,hybrid,186,940
512,hash_only,186,1
512,lattice_only,186,4548
512,hybrid,187,1161
512,hash_only,187,2
512,lattice_only,187,4695
512,hybrid,188,1119
512,hash_only,188,3
512,lattice_only,188,4326
512,hybrid,189,946
512,hash_only,189,2
512,lattice_only,189,4521
512,hybrid,190,953
512,hash_only,190,2
512,lattice_only,190,4248
512,hybrid,191,946
512,hash_only,191,2
512,lattice_only,191,4602
512,hybrid,192,938
512,hash_only,192,2
512,lattice_only,192,4281
512,hybrid,193,995
512,hash_only,193,2
512,lattice_only,193,4377
512,hybrid,194,965
512,hash_only,194,2
512,lattice_only,194,4431
512,hybrid,195,957
512,hash_only,195,2
512,lattice_only,195,4380
512,hybrid,196,992
512,hash_only,196,2
512,lattice_only,196,4284
512,hybrid,197,945
512,hash_only,197,2
512,lattice_only,197,4461
512,hybrid,198,943
512,hash_only,198,2
512,lattice_only,198,4299
512,hybrid,199,945
512,hash_only,199,2
512,lattice_only,199,4572
768,hybrid,0,2190
768,hash_only,0,2
768,lattice_only,0,10026
768,hybrid,1,2088
768,hash_only,1,2
768,lattice_only,1,9795
768,hybrid,2,2421
768,hash_only,2,2
768,lattice_only,2,10098
768,hybrid,3,2088
768,hash_only,3,2
768,lattice_only,3,10503
768,hybrid,4,2100
768,hash_only,4,2
768,lattice_only,4,9654
768,hybrid,5,2127
768,hash_only,5,2
768,lattice_only,5,9621
768,hybrid,6,2096
768,hash_only,6,2
768,lattice_only,6,9738
768,hybrid,7,2196
768,hash_only,7,2
768,lattice_only,7,9693
768,hybrid,8,2131
768,hash_only,8,2
768,lattice_only,8,9666
768,hybrid,9,2220
768,hash_only,9,2
768,lattice_only,9,9777
768,hybrid,10,2154
768,hash_only,10,2
768,lattice_only,10,9726
768,hybrid,11,2152
768,hash_only,11,2
768,lattice_only,11,9699
768,hybrid,12,2085
768,hash_only,12,2
768,lattice_only,12,9669
768,hybrid,13,2135
768,hash_only,13,2
768,lattice_only,13,9933
768,hybrid,14,2089
768,hash_only,14,2
768,lattice_only,14,9735
768,hybrid,15,2070
768,hash_only,15,2
768,lattice_only,15,9810
768,hybrid,16,2134
768,hash_only,16,2
768,lattice_only,16,9654
768,hybrid,17,2078
768,hash_only,17,2
768,lattice_only,17,9573
768,hybrid,18,2080
768,hash_only,18,2
768,lattice_only,18,9903
768,hybrid,19,2106
768,hash_only,19,2
768,lattice_only,19,9603
768,hybrid,20,2087
768,hash_only,20,2
768,lattice_only,20,9885
768,hybrid,21,2187
768,hash_only,21,2
768,lattice_only,21,9657
768,hybrid,22,2136
768,hash_only,22,2
768,lattice_only,22,9684
768,hybrid,23,2116
768,hash_only,23,2
768,lattice_only,23,9729
768,hybrid,24,2137
768,hash_only,24,2
768,lattice_only,24,9504
768,hybrid,25,2104
768,hash_only,25,2
768,lattice_only,25,9810
768,hybrid,26,2144
768,hash_only,26,2
768,lattice_only,26,9780
768,hybrid,27,2159
768,hash_only,27,2
768,lattice_only,27,9555
768,hybrid,28,2112
768,hash_only,28,2
768,lattice_only,28,9762
768,hybrid,29,2134
768,hash_only,29,2
768,lattice_only,29,9705
768,hybrid,30,2119
768,hash_only,30,2
768,lattice_only,30,9531
768,hybrid,31,2109
768,hash_only,31,2
768,lattice_only,31,9687
768,hybrid,32,2097
768,hash_only,32,2
768,lattice_only,32,9768
768,hybrid,33,2158
768,hash_only,33,2
768,lattice_only,33,9774
768,hybrid,34,2079
768,hash_only,34,2
768,lattice_only,34,9702
768,hybrid,35,2078
768,hash_only,35,2
768,lattice_only,35,9696
768,hybrid,36,2130
768,hash_only,36,2
768,lattice_only,36,9819
768,hybrid,37,2086
768,hash_only,37,2
768,lattice_only,37,9750
768,hybrid,38,2113
768,hash_only,38,2
768,lattice_only,38,9570
768,hybrid,39,2143
768,hash_only,39,2
768,lattice_only,39,9678
768,hybrid,40,2130
768,hash_only,40,2
768,lattice_only,40,9966
768,hybrid,41,2114
768,hash_only,41,2
768,lattice_only,41,9507
768,hybrid,42,2122
768,hash_only,42,2
768,lattice_only,42,9711
768,hybrid,43,2089
768,hash_only,43,2
768,lattice_only,43,9810
768,hybrid,44,2127
768,hash_only,44,2
768,lattice_only,44,9567
768,hybrid,45,2137
768,hash_only,45,2
768,lattice_only,45,9801
768,hybrid,46,2095
768,hash_only,46,2
768,lattice_only,46,9657
768,hybrid,47,2121
768,hash_only,47,2
768,lattice_only,47,9609
768,hybrid,48,2136
768,hash_only,48,2
768,lattice_only,48,9693
768,hybrid,49,2112
768,hash_only,49,2
768,lattice_only,49,9663
768,hybrid,50,2138
768,hash_only,50,2
768,lattice_only,50,9984
768,hybrid,51,2082
768,hash_only,51,2
768,lattice_only,51,9729
768,hybrid,52,2107
768,hash_only,52,2
768,lattice_only,52,9753
768,hybrid,53,2154
768,hash_only,53,2
768,lattice_only,53,9711
768,hybrid,54,2074
768,hash_only,54,2
768,lattice_only,54,9597
768,hybrid,55,2136
768,hash_only,55,2
768,lattice_only,55,9906
768,hybrid,56,2135
768,hash_only,56,2
768,lattice_only,56,9690
768,hybrid,57,2097
768,hash_only,57,2
768,lattice_only,57,9618
768,hybrid,58,2144
768,hash_only,58,2
768,lattice_only,58,9594
768,hybrid,59,2178
768,hash_only,59,2
768,lattice_only,59,9690
768,hybrid,60,2121
768,hash_only,60,2
768,lattice_only,60,9777
768,hybrid,61,2457
768,hash_only,61,2
768,lattice_only,61,9558
768,hybrid,62,2125
768,hash_only,62,2
768,lattice_only,62,9690
768,hybrid,63,2084
768,hash_only,63,2
768,lattice_only,63,9669
768,hybrid,64,2128
768,hash_only,64,2
768,lattice_only,64,9675
768,hybrid,65,2087
768,hash_only,65,2
768,lattice_only,65,9696
768,hybrid,66,2121
768,hash_only,66,2
768,lattice_only,66,9726
768,hybrid,67,2167
768,hash_only,67,2
768,lattice_only,67,9624
768,hybrid,68,2088
768,hash_only,68,2
768,lattice_only,68,9672
768,hybrid,69,2098
768,hash_only,69,2
768,lattice_only,69,9825
768,hybrid,70,2118
768,hash_only,70,2
768,lattice_only,70,9696
768,hybrid,71,2085
768,hash_only,71,2
768,lattice_only,71,9741
768,hybrid,72,2184
768,hash_only,72,2
768,lattice_only,72,9579
768,hybrid,73,2156
768,hash_only,73,2
768,lattice_only,73,9885
768,hybrid,74,2075
768,hash_only,74,2
768,lattice_only,74,9651
768,hybrid,75,2170
768,hash_only,75,2
768,lattice_only,75,9519
768,hybrid,76,2133
768,hash_only,76,2
768,lattice_only,76,9696
768,hybrid,77,2105
768,hash_only,77,2
768,lattice_only,77,9798
768,hybrid,78,2146
768,hash_only,78,2
768,lattice_only,78,9567
768,hybrid,79,2145
768,hash_only,79,2
768,lattice_only,79,9681
768,hybrid,80,2094
768,hash_only,80,2
768,lattice_only,80,9960
768,hybrid,81,2124
768,hash_only,81,2
768,lattice_only,81,9723
768,hybrid,82,2202
768,hash_only,82,7
768,lattice_only,82,9729
768,hybrid,83,2098
768,hash_only,83,2
768,lattice_only,83,9693
768,hybrid,84,2139
768,hash_only,84,2
768,lattice_only,84,9783
768,hybrid,85,2086
768,hash_only,85,2
768,lattice_only,85,9861
768,hybrid,86,2074
768,hash_only,86,2
768,lattice_only,86,9588
768,hybrid,87,2133
768,hash_only,87,2
768,lattice_only,87,9702
768,hybrid,88,2126
768,hash_only,88,2
768,lattice_only,88,9732
768,hybrid,89,2127
768,hash_only,89,2
768,lattice_only,89,9561
768,hybrid,90,2119
768,hash_only,90,2
768,lattice_only,90,9630
768,hybrid,91,2083
768,hash_only,91,2
768,lattice_only,91,9726
768,hybrid,92,2132
768,hash_only,92,2
768,lattice_only,92,9573
768,hybrid,93,2152
768,hash_only,93,2
768,lattice_only,93,9858
768,hybrid,94,2060
768,hash_only,94,2
768,lattice_only,94,9648
768,hybrid,95,2129
768,hash_only,95,2
768,lattice_only,95,9549
768,hybrid,96,2197
768,hash_only,96,2
768,lattice_only,96,9744
768,hybrid,97,2101
768,hash_only,97,2
768,lattice_only,97,9792
768,hybrid,98,2172
768,hash_only,98,2
768,lattice_only,98,9921
768,hybrid,99,2065
768,hash_only,99,2
768,lattice_only,99,9819
768,hybrid,100,2082
768,hash_only,100,2
768,lattice_only,100,9660
768,hybrid,101,2155
768,hash_only,101,2
768,lattice_only,101,9729
768,hybrid,102,2045
768,hash_only,102,2
768,lattice_only,102,9675
768,hybrid,103,2088
768,hash_only,103,2
768,lattice_only,103,9687
768,hybrid,104,2130
768,hash_only,104,2
768,lattice_only,104,9660
768,hybrid,105,2098
768,hash_only,105,3
768,lattice_only,105,9942
768,hybrid,106,2146
768,hash_only,106,2
768,lattice_only,106,9531
768,hybrid,107,2135
768,hash_only,107,2
768,lattice_only,107,9813
768,hybrid,108,2075
768,hash_only,108,2
768,lattice_only,108,9759
768,hybrid,109,2143
768,hash_only,109,2
768,lattice_only,109,9534
768,hybrid,110,2107
768,hash_only,110,2
768,lattice_only,110,9630
768,hybrid,111,2109
768,hash_only,111,2
768,lattice_only,111,9723
768,hybrid,112,2135
768,hash_only,112,2
768,lattice_only,112,9549
768,hybrid,113,2111
768,hash_only,113,2
768,lattice_only,113,9687
768,hybrid,114,2077
768,hash_only,114,2
768,lattice_only,114,9663
768,hybrid,115,2123
768,hash_only,115,2
768,lattice_only,115,9435
768,hybrid,116,2152
768,hash_only,116,1
768,lattice_only,116,9960
768,hybrid,117,2097
768,hash_only,117,2
768,lattice_only,117,9738
768,hybrid,118,2139
768,hash_only,118,2
768,lattice_only,118,9816
768,hybrid,119,2106
768,hash_only,119,2
768,lattice_only,119,9684
768,hybrid,120,2068
768,hash_only,120,2
768,lattice_only,120,9555
768,hybrid,121,2137
768,hash_only,121,2
768,lattice_only,121,10239
768,hybrid,122,2111
768,hash_only,122,2
768,lattice_only,122,9624
768,hybrid,123,2076
768,hash_only,123,2
768,lattice_only,123,9999
768,hybrid,124,2162
768,hash_only,124,2
768,lattice_only,124,10449
768,hybrid,125,2182
768,hash_only,125,2
768,lattice_only,125,10275
768,hybrid,126,2138
768,hash_only,126,2
768,lattice_only,126,9885
768,hybrid,127,2119
768,hash_only,127,2
768,lattice_only,127,9567
768,hybrid,128,2075
768,hash_only,128,2
768,lattice_only,128,9684
768,hybrid,129,2126
768,hash_only,129,2
768,lattice_only,129,9801
768,hybrid,130,2075
768,hash_only,130,2
768,lattice_only,130,9558
768,hybrid,131,2095
768,hash_only,131,2
768,lattice_only,131,9633
768,hybrid,132,2171
768,hash_only,132,2
768,lattice_only,132,9786
768,hybrid,133,2072
768,hash_only,133,2
768,lattice_only,133,9609
768,hybrid,134,2083
768,hash_only,134,2
768,lattice_only,134,9687
768,hybrid,135,2106
768,hash_only,135,2
768,lattice_only,135,9681
768,hybrid,136,2131
768,hash_only,136,2
768,lattice_only,136,9735
768,hybrid,137,2084
768,hash_only,137,2
768,lattice_only,137,9543
768,hybrid,138,2141
768,hash_only,138,2
768,lattice_only,138,9615
768,hybrid,139,2082
768,hash_only,139,2
768,lattice_only,139,9912
768,hybrid,140,2124
768,hash_only,140,3
768,lattice_only,140,9612
768,hybrid,141,2122
768,hash_only,141,2
768,lattice_only,141,9702
768,hybrid,142,2089
768,hash_only,142,2
768,lattice_only,142,9879
768,hybrid,143,2146
768,hash_only,143,2
768,lattice_only,143,9537
768,hybrid,144,2177
768,hash_only,144,2
768,lattice_only,144,9786
768,hybrid,145,2102
768,hash_only,145,2
768,lattice_only,145,9816
768,hybrid,146,2146
768,hash_only,146,2
768,lattice_only,146,9510
768,hybrid,147,2129
768,hash_only,147,2
768,lattice_only,147,9780
768,hybrid,148,2091
768,hash_only,148,2
768,lattice_only,148,9768
768,hybrid,149,2145
768,hash_only,149,2
768,lattice_only,149,9813
768,hybrid,150,2059
768,hash_only,150,2
768,lattice_only,150,9702
768,hybrid,151,2087
768,hash_only,151,2
768,lattice_only,151,9627
768,hybrid,152,2148
768,hash_only,152,2
768,lattice_only,152,9699
768,hybrid,153,2068
768,hash_only,153,2
768,lattice_only,153,9765
768,hybrid,154,2087
768,hash_only,154,2
768,lattice_only,154,9840
768,hybrid,155,2118
768,hash_only,155,2
768,lattice_only,155,9669
768,hybrid,156,2079
768,hash_only,156,2
768,lattice_only,156,9576
768,hybrid,157,2099
768,hash_only,157,2
768,lattice_only,157,9621
768,hybrid,158,2180
768,hash_only,158,2
768,lattice_only,158,9723
768,hybrid,159,2082
768,hash_only,159,2
768,lattice_only,159,9759
768,hybrid,160,2141
768,hash_only,160,2
768,lattice_only,160,9546
768,hybrid,161,2111
768,hash_only,161,2
768,lattice_only,161,9726
768,hybrid,162,2129
768,hash_only,162,2
768,lattice_only,162,9666
768,hybrid,163,2122
768,hash_only,163,2
768,lattice_only,163,9540
768,hybrid,164,2124
768,hash_only,164,2
768,lattice_only,164,9849
768,hybrid,165,2084
768,hash_only,165,3
768,lattice_only,165,9726
768,hybrid,166,2128
768,hash_only,166,2
768,lattice_only,166,9540
768,hybrid,167,2195
768,hash_only,167,2
768,lattice_only,167,9807
768,hybrid,168,2129
768,hash_only,168,2
768,lattice_only,168,9672
768,hybrid,169,2177
768,hash_only,169,2
768,lattice_only,169,9807
768,hybrid,170,2090
768,hash_only,170,2
768,lattice_only,170,9648
768,hybrid,171,2085
768,hash_only,171,2
768,lattice_only,171,9726
768,hybrid,172,2189
768,hash_only,172,2
768,lattice_only,172,9762
768,hybrid,173,2109
768,hash_only,173,2
768,lattice_only,173,9783
768,hybrid,174,2213
768,hash_only,174,2
768,lattice_only,174,9663
768,hybrid,175,2126
768,hash_only,175,2
768,lattice_only,175,9744
768,hybrid,176,2048
768,hash_only,176,2
768,lattice_only,176,9825
768,hybrid,177,2161
768,hash_only,177,2
768,lattice_only,177,9528
768,hybrid,178,2146
768,hash_only,178,2
768,lattice_only,178,9705
768,hybrid,179,2124
768,hash_only,179,2
768,lattice_only,179,9738
768,hybrid,180,2159
768,hash_only,180,2
768,lattice_only,180,9534
768,hybrid,181,2165
768,hash_only,181,2
768,lattice_only,181,9627
768,hybrid,182,2100
768,hash_only,182,2
768,lattice_only,182,9756
768,hybrid,183,2154
768,hash_only,183,2
768,lattice_only,183,9837
768,hybrid,184,2132
768,hash_only,184,2
768,lattice_only,184,9720
768,hybrid,185,2079
768,hash_only,185,2
768,lattice_only,185,9687
768,hybrid,186,2147
768,hash_only,186,2
768,lattice_only,186,9720
768,hybrid,187,2085
768,hash_only,187,2
768,lattice_only,187,9639
768,hybrid,188,2094
768,hash_only,188,2
768,lattice_only,188,9639
768,hybrid,189,2127
768,hash_only,189,2
768,lattice_only,189,9606
768,hybrid,190,2071
768,hash_only,190,2
768,lattice_only,190,9648
768,hybrid,191,2081
768,hash_only,191,2
768,lattice_only,191,9768
768,hybrid,192,2109
768,hash_only,192,2
768,lattice_only,192,9639
768,hybrid,193,2087
768,hash_only,193,2
768,lattice_only,193,9594
768,hybrid,194,2120
768,hash_only,194,2
768,lattice_only,194,9672
768,hybrid,195,2144
768,hash_only,195,2
768,lattice_only,195,9780
768,hybrid,196,2093
768,hash_only,196,2
768,lattice_only,196,9741
768,hybrid,197,2104
768,hash_only,197,2
768,lattice_only,197,9510
768,hybrid,198,2121
768,hash_only,198,2
768,lattice_only,198,9693
768,hybrid,199,2090
768,hash_only,199,2
768,lattice_only,199,9777
1024,hybrid,0,3836
1024,hash_only,0,3
1024,lattice_only,0,17325
1024,hybrid,1,3725
1024,hash_only,1,2
1024,lattice_only,1,17256
1024,hybrid,2,3720
1024,hash_only,2,2
1024,lattice_only,2,17061
1024,hybrid,3,3726
1024,hash_only,3,2
1024,lattice_only,3,17103
1024,hybrid,4,3766
1024,hash_only,4,2
1024,lattice_only,4,17298
1024,hybrid,5,3688
1024,hash_only,5,2
1024,lattice_only,5,16962
1024,hybrid,6,3847
1024,hash_only,6,2
1024,lattice_only,6,17208
1024,hybrid,7,3655
1024,hash_only,7,2
1024,lattice_only,7,17367
1024,hybrid,8,3867
1024,hash_only,8,2
1024,lattice_only,8,17205
1024,hybrid,9,3725
1024,hash_only,9,3
1024,lattice_only,9,17031
1024,hybrid,10,3784
1024,hash_only,10,2
1024,lattice_only,10,17022
1024,hybrid,11,3679
1024,hash_only,11,2
1024,lattice_only,11,17073
1024,hybrid,12,3753
1024,hash_only,12,2
1024,lattice_only,12,17124
1024,hybrid,13,3687
1024,hash_only,13,2
1024,lattice_only,13,17091
1024,hybrid,14,3739
1024,hash_only,14,2
1024,lattice_only,14,17340
1024,hybrid,15,3616
1024,hash_only,15,2
1024,lattice_only,15,17250
1024,hybrid,16,3726
1024,hash_only,16,2
1024,lattice_only,16,16893
1024,hybrid,17,3754
1024,hash_only,17,3
1024,lattice_only,17,17142
1024,hybrid,18,3712
1024,hash_only,18,2
1024,lattice_only,18,17625
1024,hybrid,19,3715
1024,hash_only,19,2
1024,lattice_only,19,16983
1024,hybrid,20,3739
1024,hash_only,20,2
1024,lattice_only,20,17535
1024,hybrid,21,3717
1024,hash_only,21,2
1024,lattice_only,21,17223
1024,hybrid,22,3729
1024,hash_only,22,2
1024,lattice_only,22,17361
1024,hybrid,23,3774
1024,hash_only,23,2
1024,lattice_only,23,17064
1024,hybrid,24,4083
1024,hash_only,24,2
1024,lattice_only,24,17085
1024,hybrid,25,3737
1024,hash_only,25,2
1024,lattice_only,25,17223
1024,hybrid,26,3740
1024,hash_only,26,2
1024,lattice_only,26,17037
1024,hybrid,27,3759
1024,hash_only,27,2
1024,lattice_only,27,17349
1024,hybrid,28,3739
1024,hash_only,28,2
1024,lattice_only,28,17130
1024,hybrid,29,3744
1024,hash_only,29,2
1024,lattice_only,29,16983
1024,hybrid,30,3770
1024,hash_only,30,2
1024,lattice_only,30,17127
1024,hybrid,31,3763
1024,hash_only,31,2
1024,lattice_only,31,16977
1024,hybrid,32,3724
1024,hash_only,32,2
1024,lattice_only,32,17793
1024,hybrid,33,3747
1024,hash_only,33,2
1024,lattice_only,33,17325
1024,hybrid,34,3766
1024,hash_only,34,2
1024,lattice_only,34,16527
1024,hybrid,35,3715
1024,hash_only,35,2
1024,lattice_only,35,17565
1024,hybrid,36,3711
1024,hash_only,36,2
1024,lattice_only,36,16935
1024,hybrid,37,3683
1024,hash_only,37,2
1024,lattice_only,37,17130
1024,hybrid,38,3773
1024,hash_only,38,2
1024,lattice_only,38,17346
1024,hybrid,39,3735
1024,hash_only,39,2
1024,lattice_only,39,17769
1024,hybrid,40,3766
1024,hash_only,40,3
1024,lattice_only,40,17589
1024,hybrid,41,3742
1024,hash_only,41,2
1024,lattice_only,41,17406
1024,hybrid,42,3774
1024,hash_only,42,2
1024,lattice_only,42,17298
1024,hybrid,43,3778
1024,hash_only,43,2
1024,lattice_only,43,17319
1024,hybrid,44,3800
1024,hash_only,44,2
1024,lattice_only,44,17526
1024,hybrid,45,3716
1024,hash_only,45,2
1024,lattice_only,45,17406
1024,hybrid,46,3791
1024,hash_only,46,2
1024,lattice_only,46,17145
1024,hybrid,47,3711
1024,hash_only,47,2
1024,lattice_only,47,17223
1024,hybrid,48,3736
1024,hash_only,48,2
1024,lattice_only,48,17583
1024,hybrid,49,3793
1024,hash_only,49,2
1024,lattice_only,49,17115
1024,hybrid,50,3781
1024,hash_only,50,2
1024,lattice_only,50,17145
1024,hybrid,51,3759
1024,hash_only,51,2
1024,lattice_only,51,16953
1024,hybrid,52,3790
1024,hash_only,52,2
1024,lattice_only,52,17145
1024,hybrid,53,3728
1024,hash_only,53,2
1024,lattice_only,53,17268
1024,hybrid,54,3668
1024,hash_only,54,2
1024,lattice_only,54,17193
1024,hybrid,55,3750
1024,hash_only,55,2
1024,lattice_only,55,17139
1024,hybrid,56,3698
1024,hash_only,56,2
1024,lattice_only,56,17382
1024,hybrid,57,3751
1024,hash_only,57,2
1024,lattice_only,57,17022
1024,hybrid,58,3703
1024,hash_only,58,2
1024,lattice_only,58,17172
1024,hybrid,59,3820
1024,hash_only,59,2
1024,lattice_only,59,16965
1024,hybrid,60,3748
1024,hash_only,60,2
1024,lattice_only,60,17178
1024,hybrid,61,3772
1024,hash_only,61,2
1024,lattice_only,61,17796
1024,hybrid,62,3786
1024,hash_only,62,2
1024,lattice_only,62,19074
1024,hybrid,63,4239
1024,hash_only,63,3
1024,lattice_only,63,20340
1024,hybrid,64,3919
1024,hash_only,64,2
1024,lattice_only,64,17271
1024,hybrid,65,3759
1024,hash_only,65,2
1024,lattice_only,65,17235
1024,hybrid,66,3732
1024,hash_only,66,2
1024,lattice_only,66,17310
1024,hybrid,67,3807
1024,hash_only,67,2
1024,lattice_only,67,17301
1024,hybrid,68,3708
1024,hash_only,68,2
1024,lattice_only,68,17148
1024,hybrid,69,3746
1024,hash_only,69,2
1024,lattice_only,69,17367
1024,hybrid,70,3739
1024,hash_only,70,44
1024,lattice_only,70,17112
1024,hybrid,71,3735
1024,hash_only,71,2
1024,lattice_only,71,17190
1024,hybrid,72,3758
1024,hash_only,72,2
1024,lattice_only,72,17133
1024,hybrid,73,3772
1024,hash_only,73,2
1024,lattice_only,73,17445
1024,hybrid,74,3755
1024,hash_only,74,2
1024,lattice_only,74,16848
1024,hybrid,75,3798
1024,hash_only,75,2
1024,lattice_only,75,17166
1024,hybrid,76,3764
1024,hash_only,76,2
1024,lattice_only,76,17916
1024,hybrid,77,3740
1024,hash_only,77,2
1024,lattice_only,77,17217
1024,hybrid,78,3743
1024,hash_only,78,3
1024,lattice_only,78,17142
1024,hybrid,79,3896
1024,hash_only,79,3
1024,lattice_only,79,18114
1024,hybrid,80,3798
1024,hash_only,80,2
1024,lattice_only,80,16944
1024,hybrid,81,3769
1024,hash_only,81,2
1024,lattice_only,81,17154
1024,hybrid,82,3747
1024,hash_only,82,2
1024,lattice_only,82,17055
1024,hybrid,83,3736
1024,hash_only,83,2
1024,lattice_only,83,17079
1024,hybrid,84,3757
1024,hash_only,84,2
1024,lattice_only,84,17109
1024,hybrid,85,3738
1024,hash_only,85,2
1024,lattice_only,85,17340
1024,hybrid,86,3781
1024,hash_only,86,2
1024,lattice_only,86,16998
1024,hybrid,87,3712
1024,hash_only,87,2
1024,lattice_only,87,17409
1024,hybrid,88,3782
1024,hash_only,88,2
1024,lattice_only,88,17070
1024,hybrid,89,3768
1024,hash_only,89,2
1024,lattice_only,89,17934
1024,hybrid,90,3776
1024,hash_only,90,3
1024,lattice_only,90,17355
1024,hybrid,91,3763
1024,hash_only,91,2
1024,lattice_only,91,17100
1024,hybrid,92,3679
1024,hash_only,92,2
1024,lattice_only,92,17379
1024,hybrid,93,4013
1024,hash_only,93,2
1024,lattice_only,93,17037
1024,hybrid,94,3736
1024,hash_only,94,2
1024,lattice_only,94,17733
1024,hybrid,95,3712
1024,hash_only,95,2
1024,lattice_only,95,17244
1024,hybrid,96,3759
1024,hash_only,96,2
1024,lattice_only,96,17094
1024,hybrid,97,3730
1024,hash_only,97,2
1024,lattice_only,97,17463
1024,hybrid,98,3773
1024,hash_only,98,2
1024,lattice_only,98,17211
1024,hybrid,99,3674
1024,hash_only,99,2
1024,lattice_only,99,17118
1024,hybrid,100,3723
1024,hash_only,100,2
1024,lattice_only,100,17187
1024,hybrid,101,3745
1024,hash_only,101,2
1024,lattice_only,101,17313
1024,hybrid,102,3716
1024,hash_only,102,2
1024,lattice_only,102,17427
1024,hybrid,103,3748
1024,hash_only,103,2
1024,lattice_only,103,16872
1024,hybrid,104,3782
1024,hash_only,104,2
1024,lattice_only,104,17262
1024,hybrid,105,3763
1024,hash_only,105,2
1024,lattice_only,105,17298
1024,hybrid,106,3678
1024,hash_only,106,2
1024,lattice_only,106,16944
1024,hybrid,107,3805
1024,hash_only,107,2
1024,lattice_only,107,17649
1024,hybrid,108,3671
1024,hash_only,108,2
1024,lattice_only,108,17244
1024,hybrid,109,3797
1024,hash_only,109,2
1024,lattice_only,109,17067
1024,hybrid,110,3733
1024,hash_only,110,2
1024,lattice_only,110,18009
1024,hybrid,111,3785
1024,hash_only,111,2
1024,lattice_only,111,17283
1024,hybrid,112,3794
1024,hash_only,112,2
1024,lattice_only,112,17442
1024,hybrid,113,3687
1024,hash_only,113,2
1024,lattice_only,113,17253
1024,hybrid,114,3727
1024,hash_only,114,2
1024,lattice_only,114,17247
1024,hybrid,115,3884
1024,hash_only,115,2
1024,lattice_only,115,17007
1024,hybrid,116,3723
1024,hash_only,116,2
1024,lattice_only,116,17352
1024,hybrid,117,3826
1024,hash_only,117,2
1024,lattice_only,117,17283
1024,hybrid,118,3678
1024,hash_only,118,2
1024,lattice_only,118,17289
1024,hybrid,119,3767
1024,hash_only,119,2
1024,lattice_only,119,17052
1024,hybrid,120,3706
1024,hash_only,120,2
1024,lattice_only,120,17304
1024,hybrid,121,3777
1024,hash_only,121,2
1024,lattice_only,121,17466
1024,hybrid,122,3760
1024,hash_only,122,2
1024,lattice_only,122,16920
1024,hybrid,123,3749
1024,hash_only,123,2
1024,lattice_only,123,17526
1024,hybrid,124,3735
1024,hash_only,124,2
1024,lattice_only,124,17034
1024,hybrid,125,3739
1024,hash_only,125,2
1024,lattice_only,125,17343
1024,hybrid,126,3732
1024,hash_only,126,2
1024,lattice_only,126,17364
1024,hybrid,127,3760
1024,hash_only,127,2
1024,lattice_only,127,17802
1024,hybrid,128,3769
1024,hash_only,128,2
1024,lattice_only,128,17139
1024,hybrid,129,3994
1024,hash_only,129,2
1024,lattice_only,129,17253
1024,hybrid,130,3711
1024,hash_only,130,2
1024,lattice_only,130,16962
1024,hybrid,131,3789
1024,hash_only,131,2
1024,lattice_only,131,17208
1024,hybrid,132,3922
1024,hash_only,132,2
1024,lattice_only,132,17082
1024,hybrid,133,3748
1024,hash_only,133,2
1024,lattice_only,133,18327
1024,hybrid,134,3786
1024,hash_only,134,2
1024,lattice_only,134,16905
1024,hybrid,135,3792
1024,hash_only,135,2
1024,lattice_only,135,18327
1024,hybrid,136,3826
1024,hash_only,136,2
1024,lattice_only,136,17004
1024,hybrid,137,4180
1024,hash_only,137,2
1024,lattice_only,137,17406
1024,hybrid,138,3780
1024,hash_only,138,2
1024,lattice_only,138,17244
1024,hybrid,139,3748
1024,hash_only,139,2
1024,lattice_only,139,17412
1024,hybrid,140,3804
1024,hash_only,140,2
1024,lattice_only,140,17376
1024,hybrid,141,3795
1024,hash_only,141,2
1024,lattice_only,141,18279
1024,hybrid,142,3840
1024,hash_only,142,2
1024,lattice_only,142,17589
1024,hybrid,143,3802
1024,hash_only,143,2
1024,lattice_only,143,17700
1024,hybrid,144,3755
1024,hash_only,144,2
1024,lattice_only,144,17871
1024,hybrid,145,4005
1024,hash_only,145,2
1024,lattice_only,145,17799
1024,hybrid,146,4312
1024,hash_only,146,2
1024,lattice_only,146,18930
1024,hybrid,147,4163
1024,hash_only,147,2
1024,lattice_only,147,19776
1024,hybrid,148,4288
1024,hash_only,148,4
1024,lattice_only,148,18669
1024,hybrid,149,3711
1024,hash_only,149,2
1024,lattice_only,149,17418
1024,hybrid,150,3704
1024,hash_only,150,2
1024,lattice_only,150,16917
1024,hybrid,151,3721
1024,hash_only,151,2
1024,lattice_only,151,17127
1024,hybrid,152,3783
1024,hash_only,152,2
1024,lattice_only,152,17238
1024,hybrid,153,3779
1024,hash_only,153,3
1024,lattice_only,153,17550
1024,hybrid,154,3720
1024,hash_only,154,2
1024,lattice_only,154,19056
1024,hybrid,155,3768
1024,hash_only,155,2
1024,lattice_only,155,17109
1024,hybrid,156,3723
1024,hash_only,156,2
1024,lattice_only,156,17082
1024,hybrid,157,3842
1024,hash_only,157,2
1024,lattice_only,157,17085
1024,hybrid,158,3731
1024,hash_only,158,2
1024,lattice_only,158,17139
1024,hybrid,159,4121
1024,hash_only,159,2
1024,lattice_only,159,17259
1024,hybrid,160,3759
1024,hash_only,160,2
1024,lattice_only,160,17154
1024,hybrid,161,3748
1024,hash_only,161,2
1024,lattice_only,161,17307
1024,hybrid,162,3703
1024,hash_only,162,2
1024,lattice_only,162,17265
1024,hybrid,163,3737
1024,hash_only,163,2
1024,lattice_only,163,17139
1024,hybrid,164,3756
1024,hash_only,164,31
1024,lattice_only,164,17142
1024,hybrid,165,3730
1024,hash_only,165,2
1024,lattice_only,165,17115
1024,hybrid,166,3716
1024,hash_only,166,31
1024,lattice_only,166,17046
1024,hybrid,167,3759
1024,hash_only,167,2
1024,lattice_only,167,17244
1024,hybrid,168,3746
1024,hash_only,168,2
1024,lattice_only,168,16920
1024,hybrid,169,3798
1024,hash_only,169,3
1024,lattice_only,169,17292
1024,hybrid,170,3718
1024,hash_only,170,2
1024,lattice_only,170,17418
1024,hybrid,171,3816
1024,hash_only,171,2
1024,lattice_only,171,17142
1024,hybrid,172,3773
1024,hash_only,172,2
1024,lattice_only,172,17106
1024,hybrid,173,3765
1024,hash_only,173,2
1024,lattice_only,173,17274
1024,hybrid,174,3765
1024,hash_only,174,2
1024,lattice_only,174,17604
1024,hybrid,175,3721
1024,hash_only,175,2
1024,lattice_only,175,17181
1024,hybrid,176,3684
1024,hash_only,176,2
1024,lattice_only,176,17085
1024,hybrid,177,3705
1024,hash_only,177,32
1024,lattice_only,177,17034
1024,hybrid,178,3769
1024,hash_only,178,2
1024,lattice_only,178,16962
1024,hybrid,179,3697
1024,hash_only,179,2
1024,lattice_only,179,17055
1024,hybrid,180,3771
1024,hash_only,180,2
1024,lattice_only,180,17268
1024,hybrid,181,3741
1024,hash_only,181,32
1024,lattice_only,181,17013
1024,hybrid,182,3779
1024,hash_only,182,2
1024,lattice_only,182,17193
1024,hybrid,183,3672
1024,hash_only,183,2
1024,lattice_only,183,17259
1024,hybrid,184,3759
1024,hash_only,184,2
1024,lattice_only,184,17007
1024,hybrid,185,3719
1024,hash_only,185,2
1024,lattice_only,185,17121
1024,hybrid,186,3722
1024,hash_only,186,2
1024,lattice_only,186,17046
1024,hybrid,187,3717
1024,hash_only,187,2
1024,lattice_only,187,17226
1024,hybrid,188,3755
1024,hash_only,188,3
1024,lattice_only,188,17031
1024,hybrid,189,3690
1024,hash_only,189,2
1024,lattice_only,189,17031
1024,hybrid,190,3738
1024,hash_only,190,2
1024,lattice_only,190,17121
1024,hybrid,191,3722
1024,hash_only,191,2
1024,lattice_only,191,17322
1024,hybrid,192,3749
1024,hash_only,192,2
1024,lattice_only,192,17091
1024,hybrid,193,3731
1024,hash_only,193,8
1024,lattice_only,193,17445
1024,hybrid,194,3814
1024,hash_only,194,2
1024,lattice_only,194,16953
1024,hybrid,195,3763
1024,hash_only,195,2
1024,lattice_only,195,16896
1024,hybrid,196,3742
1024,hash_only,196,2
1024,lattice_only,196,17181
1024,hybrid,197,3710
1024,hash_only,197,2
1024,lattice_only,197,16884
1024,hybrid,198,3712
1024,hash_only,198,2
1024,lattice_only,198,17055
1024,hybrid,199,3714
1024,hash_only,199,2
1024,lattice_only,199,17181
